<?xml version="1.0" encoding="UTF-8"?>
<Module>
    <ModulePrefs title="OutboundGagdet"
        description="EmbeddedWebApp Gadget">
        <Require feature="settitle" />
        <Require feature="dynamic-height" />
        <Require feature="pubsub-2" />
        <Require feature="setprefs" />
        <Require feature="loadingindicator">
            <Param name="manual-dismiss">false</Param>
            <Param name="loading-timeout">10</Param>
        </Require>
    </ModulePrefs>

    <Content type="html">
        <![CDATA[
            <!DOCTYPE html>
            <!-- Styling -->
            <link rel="stylesheet" href="EmbeddedWebApp.css" type="text/css" />
            
            <!-- jQuery bkp-->
            <!--<script type="text/javascript" src="/desktop/assets/js/jquery.min.js"></script>-->

	    <!-- jQuery-->
            <script type="text/javascript" src="jquery.min.js"></script>
           
            <!-- Finesse Library -->
            <script type="text/javascript" src="/desktop/assets/js/finesse.js"></script>

            <!-- Gadget Business Logic -->
            <script type="text/javascript" src="EmbeddedWebApp.js"></script>

            <body>
                <div id="displayOut"></div>
            </body>

            <script type="text/javascript">
                // initialize the gadget running the init handler defined in EmbeddedWebApp.js
                gadgets.HubSettings.onConnect = function () {
                    finesse.modules.EmbeddedWebAppGadget.init();
                };
            </script>
        ]]>
    </Content>
</Module>